date,obs,sim
1987-03-15 00:00:00 +0000 UTC,970318.7875465222,103752.27762405365
1987-04-15 00:00:00 +0000 UTC,3.468501112514692e+06,1.1964822684488937e+06
1987-05-15 00:00:00 +0000 UTC,988082.062210776,706051.3017359934
1987-06-15 00:00:00 +0000 UTC,743392.9786580293,1.0637918544984777e+06
1987-07-15 00:00:00 +0000 UTC,2.1762229898762368e+06,2.496023349558928e+06
1987-08-15 00:00:00 +0000 UTC,1.0111077075931844e+06,1.5484868690298079e+06
1987-09-15 00:00:00 +0000 UTC,631861.8271274219,1.0120207010903546e+06
1987-10-15 00:00:00 +0000 UTC,1.5804872101930478e+06,1.3108034496872928e+06
1987-11-15 00:00:00 +0000 UTC,2.485970051964723e+06,1.7339105760458687e+06
1987-12-15 00:00:00 +0000 UTC,2.9697972227032776e+06,2.5404882526221704e+06
1988-01-15 00:00:00 +0000 UTC,1.7219272880489244e+06,1.5201462968214701e+06
1988-02-15 00:00:00 +0000 UTC,1.66752726054768e+06,825260.9559581778
1988-03-15 00:00:00 +0000 UTC,3.653239121907509e+06,2.427685968098204e+06
1988-04-15 00:00:00 +0000 UTC,3.125669948816358e+06,2.345819937961278e+06
1988-05-15 00:00:00 +0000 UTC,2.101617261167549e+06,2.0752622745165618e+06
1988-06-15 00:00:00 +0000 UTC,986772.0257764747,973846.37883478
1988-07-15 00:00:00 +0000 UTC,876062.4223275568,636510.0374060037
1988-08-15 00:00:00 +0000 UTC,897045.2937837441,899204.9075875418
1988-09-15 00:00:00 +0000 UTC,1.1492837572237698e+06,1.311371777178441e+06
1988-10-15 00:00:00 +0000 UTC,1.4850096211147509e+06,1.8415054441115737e+06
1988-11-15 00:00:00 +0000 UTC,1.972611483782145e+06,1.4394792913889915e+06
1988-12-15 00:00:00 +0000 UTC,1.1064298673862126e+06,913264.424102186
1989-01-15 00:00:00 +0000 UTC,1.3377965008963705e+06,1.0625476843572783e+06
1989-02-15 00:00:00 +0000 UTC,1.1238156694165687e+06,1.1783179663664585e+06
1989-03-15 00:00:00 +0000 UTC,3.618378731741166e+06,1.5748857358227426e+06
1989-04-15 00:00:00 +0000 UTC,2.4109202365587754e+06,1.6900425960230995e+06
1989-05-15 00:00:00 +0000 UTC,3.158754047779272e+06,2.745404854368777e+06
1989-06-15 00:00:00 +0000 UTC,1.9910408831984228e+06,2.370916030466184e+06
1989-07-15 00:00:00 +0000 UTC,597978.3838882952,866471.4378429033
1989-08-15 00:00:00 +0000 UTC,1.1072070058717493e+06,848755.1660990247
1989-09-15 00:00:00 +0000 UTC,1.183478070282901e+06,1.0054779136926003e+06
1989-10-15 00:00:00 +0000 UTC,1.4421557286302603e+06,1.323308481313862e+06
1989-11-15 00:00:00 +0000 UTC,2.367622267964759e+06,3.125254256070566e+06
1989-12-15 00:00:00 +0000 UTC,805364.5991162973,1.2873667799210243e+06
1990-01-15 00:00:00 +0000 UTC,1.9092188012448594e+06,3.4622280512934485e+06
1990-02-15 00:00:00 +0000 UTC,2.464210052610735e+06,3.3387418188809375e+06
1990-03-15 00:00:00 +0000 UTC,8.814580119081674e+06,3.7919323995245257e+06
1990-04-15 00:00:00 +0000 UTC,3.4327525092498176e+06,3.2609597530607684e+06
1990-05-15 00:00:00 +0000 UTC,1.9224302322600672e+06,2.0954108706544703e+06
1990-06-15 00:00:00 +0000 UTC,1.3033801683110145e+06,1.7178760067180374e+06
1990-07-15 00:00:00 +0000 UTC,1.0036915492152966e+06,1.4988939862135255e+06
1990-08-15 00:00:00 +0000 UTC,754916.9019285047,1.0024081271011509e+06
1990-09-15 00:00:00 +0000 UTC,938589.1418931319,901268.665826328
1990-10-15 00:00:00 +0000 UTC,2.276141395635396e+06,2.7937713616527976e+06
1990-11-15 00:00:00 +0000 UTC,2.0014767882373538e+06,2.2399836044788095e+06
1990-12-15 00:00:00 +0000 UTC,2.6620485084015206e+06,2.8762545223438274e+06
1991-01-15 00:00:00 +0000 UTC,1.6255615282230405e+06,2.631128782124993e+06
1991-02-15 00:00:00 +0000 UTC,2.125597680773171e+06,2.485799218326771e+06
1991-03-15 00:00:00 +0000 UTC,5.069194095382401e+06,3.276956947676869e+06
1991-04-15 00:00:00 +0000 UTC,5.048100186370292e+06,5.156243591499734e+06
1991-05-15 00:00:00 +0000 UTC,1.5585051727842963e+06,2.344082688154902e+06
1991-06-15 00:00:00 +0000 UTC,774145.6462827288,1.0429740948689672e+06
1991-07-15 00:00:00 +0000 UTC,684574.3422517992,853263.4362590528
1991-08-15 00:00:00 +0000 UTC,846486.5749216364,809690.7066653292
1991-09-15 00:00:00 +0000 UTC,635614.3172359858,535011.6255130849
1991-10-15 00:00:00 +0000 UTC,1.3482324271107737e+06,978932.1842043888
1991-11-15 00:00:00 +0000 UTC,1.2600821838353944e+06,715547.9868480281
1991-12-15 00:00:00 +0000 UTC,1.585372116218105e+06,1.2266221007629014e+06
1992-01-15 00:00:00 +0000 UTC,881502.4248129878,1.320278266202217e+06
1992-02-15 00:00:00 +0000 UTC,1.1745520240163545e+06,936558.8087945515
1992-03-15 00:00:00 +0000 UTC,4.362437827210418e+06,2.469721216135786e+06
1992-04-15 00:00:00 +0000 UTC,4.029598503029226e+06,2.7133406831042063e+06
1992-05-15 00:00:00 +0000 UTC,2.0212384424515455e+06,2.1284317822391414e+06
1992-06-15 00:00:00 +0000 UTC,798792.1813761059,953542.7421045317
1992-07-15 00:00:00 +0000 UTC,870022.9157707999,855446.777881087
1992-08-15 00:00:00 +0000 UTC,1.900981055743006e+06,1.8137294237422403e+06
1992-09-15 00:00:00 +0000 UTC,1.6597558201067003e+06,2.305036456907367e+06
1992-10-15 00:00:00 +0000 UTC,1.6029133475337285e+06,1.7877212803511217e+06
1992-11-15 00:00:00 +0000 UTC,2.999550687318338e+06,2.5093003606521687e+06
1992-12-15 00:00:00 +0000 UTC,1.789649755005022e+06,2.2118274224606077e+06
1993-01-15 00:00:00 +0000 UTC,2.6422868700689324e+06,4.173422682024141e+06
1993-02-15 00:00:00 +0000 UTC,1.0113963597113095e+06,896909.3952542304
1993-03-15 00:00:00 +0000 UTC,2.14624747132481e+06,1.511440786407083e+06
1993-04-15 00:00:00 +0000 UTC,6.710298382728436e+06,3.603548016509671e+06
1993-05-15 00:00:00 +0000 UTC,1.7678897424163641e+06,1.775617862563803e+06
1993-06-15 00:00:00 +0000 UTC,1.7863191577142444e+06,1.8923234478042554e+06
1993-07-15 00:00:00 +0000 UTC,901663.740908417,1.1939477574822255e+06
1993-08-15 00:00:00 +0000 UTC,923246.1217297985,1.0279159086226786e+06
1993-09-15 00:00:00 +0000 UTC,976980.0297728876,993776.8986227997
1993-10-15 00:00:00 +0000 UTC,1.4035206200657373e+06,1.2479914727789976e+06
1993-11-15 00:00:00 +0000 UTC,1.5194259616409095e+06,1.0773932967471948e+06
1993-12-15 00:00:00 +0000 UTC,1.575158233352332e+06,1.1242993195736748e+06
1994-01-15 00:00:00 +0000 UTC,786468.9144911505,273741.8075656974
1994-02-15 00:00:00 +0000 UTC,1.6744105275941382e+06,1.1053432539025417e+06
1994-03-15 00:00:00 +0000 UTC,2.5747864279329274e+06,1.351411151441372e+06
1994-04-15 00:00:00 +0000 UTC,3.1993875358937327e+06,2.214128025446461e+06
1994-05-15 00:00:00 +0000 UTC,2.634959518972148e+06,2.7476170312022446e+06
1994-06-15 00:00:00 +0000 UTC,1.0739674921817053e+06,1.5993721907843295e+06
1994-07-15 00:00:00 +0000 UTC,976269.4934395107,1.0390009586783168e+06
1994-08-15 00:00:00 +0000 UTC,786069.2446691114,754009.5558707984
1994-09-15 00:00:00 +0000 UTC,776721.3168342473,356901.5203146161
1994-10-15 00:00:00 +0000 UTC,1.0353767740230643e+06,515208.8432922114
1994-11-15 00:00:00 +0000 UTC,1.2922781252853896e+06,915089.1280707284
1994-12-15 00:00:00 +0000 UTC,1.3910863143013965e+06,1.171102288345541e+06
1995-01-15 00:00:00 +0000 UTC,3.964318475850988e+06,3.9299593259077775e+06
1995-02-15 00:00:00 +0000 UTC,721855.0014771997,1.0605137023211464e+06
1995-03-15 00:00:00 +0000 UTC,3.42853372930025e+06,1.5084622647092834e+06
1995-04-15 00:00:00 +0000 UTC,2.186436880682811e+06,1.581312835543928e+06
1995-05-15 00:00:00 +0000 UTC,1.6584235811903893e+06,1.8003208503828351e+06
1995-06-15 00:00:00 +0000 UTC,1.4409567138702737e+06,2.0655419052186604e+06
1995-07-15 00:00:00 +0000 UTC,1.2061040405494014e+06,2.2140473431219175e+06
1995-08-15 00:00:00 +0000 UTC,781517.4063139332,1.3602645335764687e+06
1995-09-15 00:00:00 +0000 UTC,1.1237490632940077e+06,1.9860437325966442e+06
1995-10-15 00:00:00 +0000 UTC,2.326988782497233e+06,2.7499313778067804e+06
1995-11-15 00:00:00 +0000 UTC,4.1412851242108447e+06,5.386929860388208e+06
1995-12-15 00:00:00 +0000 UTC,1.800307729861923e+06,1.3482603000223003e+06
1996-01-15 00:00:00 +0000 UTC,3.3594790035758363e+06,4.1048388099286887e+06
1996-02-15 00:00:00 +0000 UTC,2.915619238550663e+06,4.200948633050142e+06
1996-03-15 00:00:00 +0000 UTC,3.7165208171806214e+06,3.0954461240751343e+06
1996-04-15 00:00:00 +0000 UTC,4.457027224365654e+06,2.995230612923025e+06
1996-05-15 00:00:00 +0000 UTC,2.910956383815038e+06,2.783236907933501e+06
1996-06-15 00:00:00 +0000 UTC,1.7467958651674646e+06,1.8819070754789049e+06
1996-07-15 00:00:00 +0000 UTC,1.9357526823026568e+06,2.319107540478344e+06
1996-08-15 00:00:00 +0000 UTC,1.7019435904861018e+06,2.084906301447029e+06
1996-09-15 00:00:00 +0000 UTC,2.7921644840015387e+06,3.1555742463913397e+06
1996-10-15 00:00:00 +0000 UTC,2.4635439305056455e+06,2.5786289925782005e+06
1996-11-15 00:00:00 +0000 UTC,2.0298980377585096e+06,1.7153000069852981e+06
1996-12-15 00:00:00 +0000 UTC,3.0346331658311896e+06,1.9578666755886164e+06
1997-01-15 00:00:00 +0000 UTC,2.5350411105660554e+06,1.804438232693871e+06
1997-02-15 00:00:00 +0000 UTC,4.836495170017252e+06,3.471146220228255e+06
1997-03-15 00:00:00 +0000 UTC,6.511127725078416e+06,3.910413408295156e+06
1997-04-15 00:00:00 +0000 UTC,4.99436626773947e+06,2.717170862102724e+06
1997-05-15 00:00:00 +0000 UTC,2.6465056460480997e+06,2.6760196158115827e+06
1997-06-15 00:00:00 +0000 UTC,2.122489073892346e+06,1.6681426634069555e+06
1997-07-15 00:00:00 +0000 UTC,1.0355988120778267e+06,1.2959318006385418e+06
1997-08-15 00:00:00 +0000 UTC,946316.1681058244,658728.1422414592
1997-09-15 00:00:00 +0000 UTC,1.1916935788926035e+06,765878.6104365377
1997-10-15 00:00:00 +0000 UTC,1.2467597232050693e+06,731813.1286811219
1997-11-15 00:00:00 +0000 UTC,1.8997820409830196e+06,1.474519070024511e+06
1997-12-15 00:00:00 +0000 UTC,1.523644748207812e+06,1.0968512388191943e+06
1998-01-15 00:00:00 +0000 UTC,2.804154713656355e+06,2.7664900140681365e+06
1998-02-15 00:00:00 +0000 UTC,2.207308730464683e+06,2.265187829258966e+06
1998-03-15 00:00:00 +0000 UTC,5.940704659502774e+06,3.7634808417780274e+06
1998-04-15 00:00:00 +0000 UTC,3.0686054196600863e+06,3.2564792784195924e+06
1998-05-15 00:00:00 +0000 UTC,1.3469001934883303e+06,1.3152760485292017e+06
1998-06-15 00:00:00 +0000 UTC,1.9985680645740924e+06,1.3127320996808165e+06
1998-07-15 00:00:00 +0000 UTC,1.3895320452711254e+06,2.038989811088023e+06
1998-08-15 00:00:00 +0000 UTC,1.4877407381566078e+06,1.5998915603247525e+06
1998-09-15 00:00:00 +0000 UTC,1.109982523907224e+06,1.237754251619955e+06
1998-10-15 00:00:00 +0000 UTC,1.280065852281943e+06,986890.5220327652
1998-11-15 00:00:00 +0000 UTC,1.454367969870499e+06,591705.2899484506
1998-12-15 00:00:00 +0000 UTC,1.8820187716126328e+06,927539.3277158848
1999-01-15 00:00:00 +0000 UTC,2.0894050093395738e+06,1.4314773764868323e+06
1999-02-15 00:00:00 +0000 UTC,2.0765266115841044e+06,1.9548888328104427e+06
1999-03-15 00:00:00 +0000 UTC,2.1882132036494487e+06,1.2817978179679555e+06
1999-04-15 00:00:00 +0000 UTC,2.4029267633569012e+06,1.0005532425828542e+06
1999-05-15 00:00:00 +0000 UTC,1.1670470318880237e+06,782868.3437504602
1999-06-15 00:00:00 +0000 UTC,1.9034013089204591e+06,1.937063408348304e+06
1999-07-15 00:00:00 +0000 UTC,743348.567076676,1.6582637151484871e+06
1999-08-15 00:00:00 +0000 UTC,718102.5160007704,1.1972138750889364e+06
1999-09-15 00:00:00 +0000 UTC,811248.6816816542,1.1310555834521211e+06
1999-10-15 00:00:00 +0000 UTC,1.5140969874471286e+06,2.2035650001972895e+06
1999-11-15 00:00:00 +0000 UTC,2.3309854965992314e+06,3.604455408411586e+06
1999-12-15 00:00:00 +0000 UTC,1.517871679375968e+06,2.3819895493235043e+06
2000-01-15 00:00:00 +0000 UTC,1.0601343400550252e+06,1.5495458758901283e+06
2000-02-15 00:00:00 +0000 UTC,2.5816696976263192e+06,1.4899760464729439e+06
2000-03-15 00:00:00 +0000 UTC,2.1082784583960366e+06,1.5688626432130914e+06
2000-04-15 00:00:00 +0000 UTC,2.3374246928300317e+06,1.6518575404869313e+06
2000-05-15 00:00:00 +0000 UTC,3.2318054571659425e+06,3.3840346992911957e+06
2000-06-15 00:00:00 +0000 UTC,4.015165815068013e+06,5.761497757337462e+06
2000-07-15 00:00:00 +0000 UTC,2.287909571353845e+06,4.0177404672022765e+06
2000-08-15 00:00:00 +0000 UTC,1.2483140134108127e+06,1.7354065651149128e+06
2000-09-15 00:00:00 +0000 UTC,1.4141785684532993e+06,1.637593891644834e+06
2000-10-15 00:00:00 +0000 UTC,1.107762116890259e+06,926756.6822050629
2000-11-15 00:00:00 +0000 UTC,1.579821090734892e+06,1.1947715833550454e+06
2000-12-15 00:00:00 +0000 UTC,1.4854537157528137e+06,1.200184954075757e+06
2001-01-15 00:00:00 +0000 UTC,1.3759875307044338e+06,319330.6371718954
2001-02-15 00:00:00 +0000 UTC,2.456216582055795e+06,896765.395225392
2001-03-15 00:00:00 +0000 UTC,2.5645725450671553e+06,2.078426307376689e+06
2001-04-15 00:00:00 +0000 UTC,4.154385472672255e+06,6.804124589486363e+06
2001-05-15 00:00:00 +0000 UTC,1.5926994673148901e+06,2.0401923967887321e+06
2001-06-15 00:00:00 +0000 UTC,1.064641778740053e+06,1.5627266466235616e+06
2001-07-15 00:00:00 +0000 UTC,761711.3577234583,966729.6309019763
2001-08-15 00:00:00 +0000 UTC,554391.7539118852,343046.1959368977
2001-09-15 00:00:00 +0000 UTC,721943.8272868403,370257.49804635573
2001-10-15 00:00:00 +0000 UTC,1.6251174415257794e+06,1.6114634910481437e+06
2001-11-15 00:00:00 +0000 UTC,1.7001672807541338e+06,1.8156039107856876e+06
2001-12-15 00:00:00 +0000 UTC,2.4166933000967507e+06,2.9610887226246833e+06
2002-01-15 00:00:00 +0000 UTC,1.587370490474175e+06,1.4051082524299535e+06
2002-02-15 00:00:00 +0000 UTC,2.488412504977253e+06,1.532929173389548e+06
2002-03-15 00:00:00 +0000 UTC,2.2752532513571475e+06,2.355632397966302e+06
2002-04-15 00:00:00 +0000 UTC,3.2564520385806635e+06,3.310189686815145e+06
2002-05-15 00:00:00 +0000 UTC,4.111753657946536e+06,3.8899690919248518e+06
2002-06-15 00:00:00 +0000 UTC,3.8617356028469424e+06,4.328886906100643e+06
2002-07-15 00:00:00 +0000 UTC,1.1706218922145108e+06,1.754724052459918e+06
2002-08-15 00:00:00 +0000 UTC,893248.3861382257,1.2101051029988881e+06
2002-09-15 00:00:00 +0000 UTC,631439.9475443045,462779.41100992553
2002-10-15 00:00:00 +0000 UTC,984973.4923870257,608673.941949645
2002-11-15 00:00:00 +0000 UTC,1.5309720887168604e+06,1.0481787345301398e+06
2002-12-15 00:00:00 +0000 UTC,1.5385214884561438e+06,837494.5067451594
2003-01-15 00:00:00 +0000 UTC,1.1277457919541425e+06,468667.3341544643
2003-02-15 00:00:00 +0000 UTC,814446.0693742435,245590.90088421188
2003-03-15 00:00:00 +0000 UTC,4.588031394535666e+06,3.3161926360255354e+06
2003-04-15 00:00:00 +0000 UTC,3.1651932360692704e+06,2.1125406039303164e+06
2003-05-15 00:00:00 +0000 UTC,2.838793102825011e+06,2.6471549553594887e+06
2003-06-15 00:00:00 +0000 UTC,1.450548878271509e+06,1.776097526790248e+06
2003-07-15 00:00:00 +0000 UTC,656397.3478255521,745648.6665227814
2003-08-15 00:00:00 +0000 UTC,896134.9218776141,762322.2945021369
2003-09-15 00:00:00 +0000 UTC,1.0388628178041799e+06,796121.0431918779
2003-10-15 00:00:00 +0000 UTC,1.5434063838934652e+06,1.6890471704597753e+06
2003-11-15 00:00:00 +0000 UTC,2.582779872018529e+06,2.8934567764181714e+06
2003-12-15 00:00:00 +0000 UTC,2.681144035216755e+06,3.980091172797256e+06
2004-01-15 00:00:00 +0000 UTC,1.8384987676107886e+06,1.8061865224334055e+06
2004-02-15 00:00:00 +0000 UTC,870622.4171951915,268574.8808350188
2004-03-15 00:00:00 +0000 UTC,4.355332532696932e+06,5.605832473498842e+06
2004-04-15 00:00:00 +0000 UTC,2.9102902670038166e+06,2.8962014522952144e+06
2004-05-15 00:00:00 +0000 UTC,3.057947476566392e+06,3.5347472116216975e+06
2004-06-15 00:00:00 +0000 UTC,1.2580838201670598e+06,2.1332535592267322e+06
2004-07-15 00:00:00 +0000 UTC,1.505659435488795e+06,1.900865195682984e+06
2004-08-15 00:00:00 +0000 UTC,1.1792592916568003e+06,1.280143565464869e+06
2004-09-15 00:00:00 +0000 UTC,978312.2607483964,687921.053576623
2004-10-15 00:00:00 +0000 UTC,931239.5922847384,317690.32939753967
2004-11-15 00:00:00 +0000 UTC,1.5363010734983773e+06,751911.7731172479
2004-12-15 00:00:00 +0000 UTC,1.838276734849894e+06,945343.7624520548
2005-01-15 00:00:00 +0000 UTC,2.220187109691615e+06,2.4567769343180247e+06
2005-02-15 00:00:00 +0000 UTC,1.7234815703138656e+06,2.1054388216983816e+06
2005-03-15 00:00:00 +0000 UTC,1.5254210791152508e+06,1.3545991682456152e+06
2005-04-15 00:00:00 +0000 UTC,5.841230313971536e+06,3.181879231470923e+06
2005-05-15 00:00:00 +0000 UTC,1.8151844674633218e+06,1.6015465416541654e+06
2005-06-15 00:00:00 +0000 UTC,1.1714434409579344e+06,851972.8445548124
2005-07-15 00:00:00 +0000 UTC,629263.9468148255,387290.74398479203
2005-08-15 00:00:00 +0000 UTC,672584.1350959218,335608.28802429116
2005-09-15 00:00:00 +0000 UTC,825792.3569070408,493248.1105719009
2005-10-15 00:00:00 +0000 UTC,1.0973261853819883e+06,775266.6514946258
2005-11-15 00:00:00 +0000 UTC,1.5582831267887324e+06,1.107782459006337e+06
2005-12-15 00:00:00 +0000 UTC,2.398041875860381e+06,1.9227288363498212e+06
2006-01-15 00:00:00 +0000 UTC,2.79596138635319e+06,3.784085043440332e+06
2006-02-15 00:00:00 +0000 UTC,3.0721358842868246e+06,3.452659438657533e+06
2006-03-15 00:00:00 +0000 UTC,4.686573196118505e+06,4.28883760572151e+06
2006-04-15 00:00:00 +0000 UTC,3.3534838940422977e+06,3.005087377667345e+06
2006-05-15 00:00:00 +0000 UTC,1.8220455320277696e+06,2.28899612523234e+06
2006-06-15 00:00:00 +0000 UTC,1.2823084776625207e+06,1.588412489531053e+06
2006-07-15 00:00:00 +0000 UTC,1.5325485840515466e+06,2.5731891540463916e+06
2006-08-15 00:00:00 +0000 UTC,943585.065622104,1.5384430931698421e+06
2006-09-15 00:00:00 +0000 UTC,1.332400913962694e+06,1.5383138407929223e+06
2006-10-15 00:00:00 +0000 UTC,1.995126407228458e+06,2.388552920582247e+06
2006-11-15 00:00:00 +0000 UTC,2.196628550478838e+06,2.336862712471949e+06
2006-12-15 00:00:00 +0000 UTC,3.0249965845547332e+06,3.3917942081649816e+06
2007-01-15 00:00:00 +0000 UTC,2.0969543852564518e+06,2.522045132816954e+06
2007-02-15 00:00:00 +0000 UTC,1.0744559772256496e+06,491064.4439338306
2007-03-15 00:00:00 +0000 UTC,3.9734665654661637e+06,3.5810753700971077e+06
2007-04-15 00:00:00 +0000 UTC,2.9721952601640527e+06,2.7049361326743555e+06
2007-05-15 00:00:00 +0000 UTC,1.4718647935751707e+06,1.4689135626846238e+06
2007-06-15 00:00:00 +0000 UTC,890628.3092992214,1.2353500908375022e+06
2007-07-15 00:00:00 +0000 UTC,689881.1126401038,574892.7294877702
2007-08-15 00:00:00 +0000 UTC,579793.2329495914,264289.4713211801
2007-09-15 00:00:00 +0000 UTC,659927.7992176199,267203.27560843836
2007-10-15 00:00:00 +0000 UTC,1.077142681362686e+06,616082.6803196036
2007-11-15 00:00:00 +0000 UTC,1.2074806923705325e+06,941862.312171072
2007-12-15 00:00:00 +0000 UTC,2.580559496764771e+06,1.0789575326761235e+06
2008-01-15 00:00:00 +0000 UTC,3.359034906290841e+06,2.9883298289525546e+06
2008-02-15 00:00:00 +0000 UTC,2.2956809959132206e+06,2.026390062594736e+06
2008-03-15 00:00:00 +0000 UTC,2.7484224101817235e+06,2.4081738546448676e+06
2008-04-15 00:00:00 +0000 UTC,6.737165387041727e+06,6.060784125804412e+06
2008-05-15 00:00:00 +0000 UTC,2.0141109269275141e+06,2.5645940702353865e+06
2008-06-15 00:00:00 +0000 UTC,1.6837362476531244e+06,2.6396782315427656e+06
2008-07-15 00:00:00 +0000 UTC,1.0968599094373877e+06,1.9833335217150429e+06
2008-08-15 00:00:00 +0000 UTC,3.1725427525909888e+06,3.316552339214027e+06
2008-09-15 00:00:00 +0000 UTC,1.6885767434202963e+06,2.2498448095214227e+06
2008-10-15 00:00:00 +0000 UTC,1.7507926110326708e+06,1.5589074478630365e+06
2008-11-15 00:00:00 +0000 UTC,2.381855070061474e+06,1.7615585928882575e+06
2008-12-15 00:00:00 +0000 UTC,5.240609660026495e+06,3.1173083515437176e+06
2009-01-15 00:00:00 +0000 UTC,3.011318833920514e+06,2.4560606793257645e+06
2009-02-15 00:00:00 +0000 UTC,4.39263537322887e+06,4.256789871811509e+06
2009-03-15 00:00:00 +0000 UTC,5.824155281839429e+06,5.301700555695154e+06
2009-04-15 00:00:00 +0000 UTC,6.379013454630347e+06,5.943315025098486e+06
2009-05-15 00:00:00 +0000 UTC,4.460135857715819e+06,4.499005235262116e+06
2009-06-15 00:00:00 +0000 UTC,2.085408260827434e+06,2.5161783406337933e+06
2009-07-15 00:00:00 +0000 UTC,2.1406964458415965e+06,1.7044291026917591e+06
2009-08-15 00:00:00 +0000 UTC,2.817255112409512e+06,2.4165439482793445e+06
2009-09-15 00:00:00 +0000 UTC,1.2878373006637248e+06,1.1830050834855894e+06
2009-10-15 00:00:00 +0000 UTC,2.31411039003563e+06,1.609319885778501e+06
2009-11-15 00:00:00 +0000 UTC,2.0940678746629355e+06,1.148409457163414e+06
2009-12-15 00:00:00 +0000 UTC,2.320771611086524e+06,1.124047599730732e+06
2010-01-15 00:00:00 +0000 UTC,2.0394457879314567e+06,1.2591428310034699e+06
2010-02-15 00:00:00 +0000 UTC,1.3615548745064286e+06,674353.0953740206
2010-03-15 00:00:00 +0000 UTC,5.7195518770951815e+06,2.6588071303212126e+06
2010-04-15 00:00:00 +0000 UTC,2.297013250711136e+06,1.524368884324166e+06
2010-05-15 00:00:00 +0000 UTC,2.1546850338708786e+06,1.8408760238772032e+06
2010-06-15 00:00:00 +0000 UTC,1.7947567070256441e+06,2.2015202781961467e+06
2010-07-15 00:00:00 +0000 UTC,1.3213654730892286e+06,1.812990844988107e+06
2010-08-15 00:00:00 +0000 UTC,1.1155335388027008e+06,1.26512631317441e+06
2010-09-15 00:00:00 +0000 UTC,1.206126245678345e+06,1.1314760275717368e+06
2010-10-15 00:00:00 +0000 UTC,1.6599778713961318e+06,1.3535134986792516e+06
2010-11-15 00:00:00 +0000 UTC,1.8296171236613272e+06,1.322137507284786e+06
2010-12-15 00:00:00 +0000 UTC,1.9504073765554244e+06,1.3500609798060153e+06
2011-01-15 00:00:00 +0000 UTC,1.7885395488496055e+06,1.7663946289409613e+06
2011-02-15 00:00:00 +0000 UTC,1.578488854465515e+06,1.2578314062029785e+06
2011-03-15 00:00:00 +0000 UTC,5.910062947379041e+06,3.9933003904900476e+06
2011-04-15 00:00:00 +0000 UTC,3.6103852241291516e+06,2.4482424365290785e+06
2011-05-15 00:00:00 +0000 UTC,2.9962200926744957e+06,2.6875835403905814e+06
2011-06-15 00:00:00 +0000 UTC,1.4699108481055242e+06,2.129992885708872e+06
2011-07-15 00:00:00 +0000 UTC,1.0264063320567681e+06,1.3258080285981796e+06
2011-08-15 00:00:00 +0000 UTC,1.5620578240114397e+06,2.196350412050253e+06
2011-09-15 00:00:00 +0000 UTC,1.1495058005723997e+06,1.2793863682796306e+06
2011-10-15 00:00:00 +0000 UTC,2.126041748941894e+06,1.943679001769986e+06
2011-11-15 00:00:00 +0000 UTC,1.7527909720540708e+06,1.2407744427418201e+06
2011-12-15 00:00:00 +0000 UTC,3.7240702116260375e+06,3.542445742446718e+06
2012-01-15 00:00:00 +0000 UTC,2.158459709918115e+06,2.2745425932285306e+06
2012-02-15 00:00:00 +0000 UTC,1.9108840893025126e+06,2.238475459755734e+06
2012-03-15 00:00:00 +0000 UTC,3.7089714386168104e+06,1.9429438103110522e+06
2012-04-15 00:00:00 +0000 UTC,1.7383583185029991e+06,851868.6504087335
2012-05-15 00:00:00 +0000 UTC,1.6788513416280663e+06,1.2884633573315283e+06
2012-06-15 00:00:00 +0000 UTC,1.597584365399146e+06,1.551764589213523e+06
2012-07-15 00:00:00 +0000 UTC,908036.3098411858,905501.7081775278
2012-08-15 00:00:00 +0000 UTC,2.192431976981682e+06,2.300234420775607e+06
2012-09-15 00:00:00 +0000 UTC,1.705496257594849e+06,2.2994343550442816e+06
2012-10-15 00:00:00 +0000 UTC,2.162678496485017e+06,2.294816283767579e+06
2012-11-15 00:00:00 +0000 UTC,2.641842804547144e+06,2.9522270365300984e+06
2012-12-15 00:00:00 +0000 UTC,2.4371210605344274e+06,2.0116607913585687e+06
2013-01-15 00:00:00 +0000 UTC,2.8554461342767742e+06,3.1706562450588197e+06
2013-02-15 00:00:00 +0000 UTC,1.683958291001755e+06,1.5391209646889e+06
2013-03-15 00:00:00 +0000 UTC,4.398408415591375e+06,3.59137621622562e+06
2013-04-15 00:00:00 +0000 UTC,5.094062669854006e+06,3.464319968071402e+06
2013-05-15 00:00:00 +0000 UTC,2.6465056381072975e+06,2.3473732043350064e+06
2013-06-15 00:00:00 +0000 UTC,2.4644321144879037e+06,3.1038400598878926e+06
2013-07-15 00:00:00 +0000 UTC,984307.3729288706,1.7844869371076464e+06
2013-08-15 00:00:00 +0000 UTC,1.2509784991842357e+06,1.8918418827052673e+06
2013-09-15 00:00:00 +0000 UTC,1.857150213022631e+06,1.7003689396673883e+06
2013-10-15 00:00:00 +0000 UTC,2.1777772906697155e+06,2.164546840052241e+06
2013-11-15 00:00:00 +0000 UTC,2.2730328284585793e+06,2.2167941919520306e+06
2013-12-15 00:00:00 +0000 UTC,1.6466554160596754e+06,1.1553705618751317e+06
2014-01-15 00:00:00 +0000 UTC,2.136921745971955e+06,1.5636570177293522e+06
2014-02-15 00:00:00 +0000 UTC,2.2230736282259333e+06,635284.5901644919
2014-03-15 00:00:00 +0000 UTC,3.563312584781767e+06,1.4323841445233526e+06
2014-04-15 00:00:00 +0000 UTC,9.138315875076804e+06,6.350829211458662e+06
2014-05-15 00:00:00 +0000 UTC,2.3172189625063157e+06,2.6103544710225007e+06
2014-06-15 00:00:00 +0000 UTC,1.4472626700631462e+06,1.1823073987186775e+06
2014-07-15 00:00:00 +0000 UTC,1.0795629265993377e+06,976109.4332080972
2014-08-15 00:00:00 +0000 UTC,1.3748773351367533e+06,1.0616067763674292e+06
2014-09-15 00:00:00 +0000 UTC,1.741466867151278e+06,1.698200177988565e+06
2014-10-15 00:00:00 +0000 UTC,1.6468774514675038e+06,1.581286476168981e+06
2014-11-15 00:00:00 +0000 UTC,2.0711976453311255e+06,1.7241688826663664e+06
2014-12-15 00:00:00 +0000 UTC,2.1784433915993334e+06,1.5977862107357818e+06
2015-01-15 00:00:00 +0000 UTC,1.368216103498124e+06,725678.8459392816
2015-02-15 00:00:00 +0000 UTC,858410.1680141508,138456.09249419198
2015-03-15 00:00:00 +0000 UTC,2.831909793427611e+06,2.6315114783463124e+06
2015-04-15 00:00:00 +0000 UTC,3.427645588992404e+06,1.9228183881264015e+06
2015-05-15 00:00:00 +0000 UTC,1.5163173971110268e+06,1.0546819927908322e+06
2015-06-15 00:00:00 +0000 UTC,2.68314238565042e+06,3.043092509117184e+06
2015-07-15 00:00:00 +0000 UTC,1.6064660014078056e+06,2.4207087086534654e+06
2015-08-15 00:00:00 +0000 UTC,1.0102861588497611e+06,1.0580336336727578e+06
2015-09-15 00:00:00 +0000 UTC,1.0222763673291057e+06,776031.248928449
2015-10-15 00:00:00 +0000 UTC,1.2984952649328902e+06,679299.3465869977
2015-11-15 00:00:00 +0000 UTC,1.578488838583911e+06,1.1466825404440481e+06
2015-12-15 00:00:00 +0000 UTC,1.5971402919365547e+06,942181.6025817073
2016-01-15 00:00:00 +0000 UTC,2.5028451823507296e+06,1.2289903518353913e+06
2016-02-15 00:00:00 +0000 UTC,2.0252351724351477e+06,2.3491618361259312e+06
2016-03-15 00:00:00 +0000 UTC,3.801784552509418e+06,2.845448415014231e+06
2016-04-15 00:00:00 +0000 UTC,3.2278087668863493e+06,3.1466731073564794e+06
2016-05-15 00:00:00 +0000 UTC,1.436826751789545e+06,1.3513051420026508e+06
2016-06-15 00:00:00 +0000 UTC,806252.7553057482,704771.7318264387
2016-07-15 00:00:00 +0000 UTC,797038.0688322798,762229.1200278216
2016-08-15 00:00:00 +0000 UTC,905371.8227442949,964397.595838279
2016-09-15 00:00:00 +0000 UTC,622402.8862207779,797281.5748640898
2016-10-15 00:00:00 +0000 UTC,1.237855895302136e+06,899000.1136850232
2016-11-15 00:00:00 +0000 UTC,1.3151483255009262e+06,816805.2327285362
2016-12-15 00:00:00 +0000 UTC,1.7832105720088906e+06,750097.1041418242
2017-01-15 00:00:00 +0000 UTC,3.403665172033713e+06,3.7002611545440233e+06
2017-02-15 00:00:00 +0000 UTC,2.386939814306218e+06,2.83890831041322e+06
2017-03-15 00:00:00 +0000 UTC,2.691579964078093e+06,3.018111634881259e+06
2017-04-15 00:00:00 +0000 UTC,3.8082237010954074e+06,4.060791013127943e+06
2017-05-15 00:00:00 +0000 UTC,3.8046710551621323e+06,5.225419435605932e+06
2017-06-15 00:00:00 +0000 UTC,3.2651116285937596e+06,3.769185920747826e+06
2017-07-15 00:00:00 +0000 UTC,1.8813526706830158e+06,2.729994041102496e+06
2017-08-15 00:00:00 +0000 UTC,1.4612512554454948e+06,1.336523267866111e+06
2017-09-15 00:00:00 +0000 UTC,1.3309132312029784e+06,867803.1633857967
2017-10-15 00:00:00 +0000 UTC,1.7705542308367202e+06,1.1224074387002164e+06
2017-11-15 00:00:00 +0000 UTC,2.3411993768180697e+06,1.556325129377422e+06
2017-12-15 00:00:00 +0000 UTC,1.3524512083838081e+06,780861.0123721572
